{
    "serial_number": "213622252685",
    "color": {
        "width": 640,
        "height": 360,
        "ppx": 326.3681335449219,
        "ppy": 185.47694396972656,
        "fx": 322.4005126953125,
        "fy": 321.5888366699219,
        "model": "distortion.inverse_brown_conrady",
        "coeffs": [
            -0.055082935839891434,
            0.06526730954647064,
            -8.337410690728575e-05,
            -4.4520194933284074e-05,
            -0.020951269194483757
        ]
    },
    "depth": {
        "width": 640,
        "height": 360,
        "ppx": 320.9726257324219,
        "ppy": 181.6497802734375,
        "fx": 323.5341491699219,
        "fy": 323.5341491699219,
        "model": "distortion.brown_conrady",
        "coeffs": [
            0.0,
            0.0,
            0.0,
            0.0,
            0.0
        ]
    }
}