{
    "serial_number": "130322271656",
    "color": {
        "width": 640,
        "height": 360,
        "ppx": 312.4861755371094,
        "ppy": 183.4304656982422,
        "fx": 323.70672607421875,
        "fy": 323.4676818847656,
        "model": "distortion.inverse_brown_conrady",
        "coeffs": [
            -0.053662680089473724,
            0.055657099932432175,
            0.0008052594494074583,
            0.000823908019810915,
            -0.017750244587659836
        ]
    },
    "depth": {
        "width": 640,
        "height": 360,
        "ppx": 313.23431396484375,
        "ppy": 182.44017028808594,
        "fx": 319.0821533203125,
        "fy": 319.0821533203125,
        "model": "distortion.brown_conrady",
        "coeffs": [
            0.0,
            0.0,
            0.0,
            0.0,
            0.0
        ]
    }
}