{
    "serial_number": "130322274120",
    "color": {
        "width": 640,
        "height": 360,
        "ppx": 313.08721923828125,
        "ppy": 183.22470092773438,
        "fx": 321.9608154296875,
        "fy": 321.73419189453125,
        "model": "distortion.inverse_brown_conrady",
        "coeffs": [
            -0.05390714481472969,
            0.05806167796254158,
            0.0004992667236365378,
            0.0009996606968343258,
            -0.018564000725746155
        ]
    },
    "depth": {
        "width": 640,
        "height": 360,
        "ppx": 313.191162109375,
        "ppy": 181.30409240722656,
        "fx": 319.4783020019531,
        "fy": 319.4783020019531,
        "model": "distortion.brown_conrady",
        "coeffs": [
            0.0,
            0.0,
            0.0,
            0.0,
            0.0
        ]
    }
}