{
    "serial_number": "130322271268",
    "color": {
        "width": 640,
        "height": 360,
        "ppx": 314.9200439453125,
        "ppy": 180.2694854736328,
        "fx": 324.3749694824219,
        "fy": 324.0635070800781,
        "model": "distortion.inverse_brown_conrady",
        "coeffs": [
            -0.05419569090008736,
            0.05843795835971832,
            0.0003824986342806369,
            0.0010543959215283394,
            -0.019055822864174843
        ]
    },
    "depth": {
        "width": 640,
        "height": 360,
        "ppx": 313.3944396972656,
        "ppy": 181.3721466064453,
        "fx": 321.6710510253906,
        "fy": 321.6710510253906,
        "model": "distortion.brown_conrady",
        "coeffs": [
            0.0,
            0.0,
            0.0,
            0.0,
            0.0
        ]
    }
}